,YearMonth,Surface_Temp_C,Seawater_pH
0,1988-10,9.194548,8.1097
1,1988-12,-1.5384966,8.1092
2,1989-01,-3.2037466,8.1168
3,1989-02,-3.0248098,8.1316
4,1989-03,2.7911267,8.1218
5,1989-05,13.962135,8.1158
6,1989-06,18.709211,8.1018
7,1989-07,22.076378,8.0991
8,1989-08,20.451694,8.093
9,1989-09,16.232342,8.099
10,1989-10,9.839132,8.0858
11,1989-11,2.4164398,8.1101
12,1990-01,-1.2184741,8.1332
13,1990-02,-1.9653516,8.1229
14,1990-03,4.2221065,8.134
15,1990-04,9.39166,8.1229
16,1990-05,13.738063,8.1167
17,1990-06,19.995775,8.1232
18,1990-07,21.674213,8.1084
19,1990-09,17.300278,8.085
20,1990-12,-3.3944964,8.1212
21,1991-02,0.70492554,8.1256
22,1991-03,3.2735918,8.1263
23,1991-04,9.166041,8.1231
24,1991-05,14.9061985,8.1144
25,1991-06,19.369806,8.1139
26,1991-07,21.679047,8.112
27,1991-08,20.82685,8.0992
28,1991-09,16.485437,8.0943
29,1991-10,10.215822,8.0981
30,1991-12,-1.2190018,8.104
31,1992-01,-2.06289,8.1177
32,1992-02,0.31786585,8.1256
33,1992-03,3.8637214,8.119
34,1992-04,8.704989,8.1099
35,1992-06,18.505232,8.1152
36,1992-07,20.50942,8.0977
37,1992-08,19.4909,8.0956
38,1992-09,15.337638,8.0933
39,1992-10,9.515254,8.087
40,1992-11,1.8933896,8.1052
41,1992-12,-2.8673983,8.1161
42,1993-01,-3.5596874,8.1349
43,1993-02,-2.7092447,8.1325
44,1993-04,8.258363,8.1074
45,1993-05,14.498909,8.1105
46,1993-09,15.491604,8.0802
47,1993-10,9.641138,8.094
48,1994-01,-3.899172,8.1508
49,1994-02,-2.849406,8.1357
50,1994-03,3.472859,8.1204
51,1994-06,20.0648,8.1021
52,1994-07,21.866175,8.0858
53,1994-08,20.992151,8.0883
54,1994-09,16.680653,8.0875
55,1994-10,9.667222,8.088
56,1994-11,2.5723794,8.1048
57,1995-02,-0.067571804,8.1099
58,1995-03,2.8273234,8.1171
59,1995-04,7.9773254,8.1038
60,1995-05,13.473297,8.1149
61,1995-07,21.75562,8.0937
62,1995-08,21.699114,8.0933
63,1995-09,16.785418,8.0886
64,1995-10,10.210629,8.0997
65,1995-11,2.5552044,8.1135
66,1996-01,-4.3535075,8.1074
67,1996-03,1.5641863,8.1122
68,1996-04,7.8934836,8.1066
69,1996-05,14.351651,8.0946
70,1996-06,19.337149,8.0902
71,1996-07,21.534014,8.0889
72,1996-08,20.42612,8.0829
73,1996-10,8.738333,8.088000000000001
74,1996-12,-1.9346024,8.1014
75,1997-01,-4.306124,8.1102
76,1997-02,-0.113055594,8.0856
77,1997-03,3.2547884,8.1138
78,1997-04,6.8239717,8.1155
79,1997-05,13.591148,8.101
80,1997-06,18.851278,8.1058
81,1997-07,21.461868,8.0895
82,1997-08,20.48758,8.089
83,1997-09,17.261648,8.0805
84,1997-12,-2.2601318,8.1083
85,1998-01,-1.8647158,8.1097
86,1998-02,0.5249416,8.1135
87,1998-03,2.714458,8.1044
88,1998-04,8.538229,8.1078
89,1998-05,14.875762,8.105
90,1998-06,18.561512,8.0937
91,1998-07,22.436298,8.0805
92,1998-08,21.146797,8.0818
93,1998-09,18.232075,8.076
94,1998-10,10.229938,8.0818
95,1998-11,4.1935234,8.0825
96,1998-12,-1.2335407,8.0948
97,1999-01,-2.7329884,8.0895
98,1999-02,-0.08814928,8.0997
99,1999-03,2.5582163,8.135
100,1999-04,8.109023,8.123
101,1999-05,13.59526,8.1
102,1999-07,21.914772,8.0938
103,1999-08,21.042606,8.0759
104,1999-10,9.71858,8.0711
105,1999-11,5.036391,8.0824
106,1999-12,-1.5831826,8.0818
107,2000-02,1.7402294,8.0966
108,2000-03,4.652202,8.0944
109,2000-04,8.817104,8.0941
110,2000-05,14.883814,8.0677
111,2000-06,19.134596,8.0831
112,2000-07,21.591005,8.0872
113,2000-08,21.240604,8.0827
114,2000-10,9.945083,8.0678
115,2000-11,1.095084,8.095
116,2000-12,-3.8077514,8.0922
117,2001-01,-2.4637196,8.0929
118,2001-02,-1.20591,8.0881
119,2001-03,2.0553615,8.0894
120,2001-04,9.035197,8.0938
121,2001-05,14.501441,8.0948
122,2001-06,19.263847,8.0984
123,2001-07,21.787539,8.0857
124,2001-08,21.552456,8.0757
125,2001-10,9.515244,8.07825
126,2001-11,4.964757,8.0814
127,2001-12,-1.3685819,8.0925
128,2002-01,-1.2991927,8.0959
129,2002-02,-0.66262716,8.108
130,2002-03,1.7479981,8.1085
131,2002-05,13.588077,8.0811
132,2002-06,20.007774,8.071
133,2002-08,20.872284,8.0706
134,2002-10,9.135126,8.0862
135,2002-11,3.4845028,8.0876
136,2002-12,-0.5919364,8.0937
137,2003-01,-2.277538,8.1025
138,2003-02,-1.5864803,8.104
139,2003-03,2.9528475,8.1016
140,2003-04,8.827653,8.0963
141,2003-05,14.10362,8.0905
142,2003-06,18.757076,8.0824
143,2003-07,22.52848,8.0777
144,2003-08,21.702248,8.0829
145,2003-10,11.473907,8.0873
146,2003-11,3.1130917,8.0884
147,2003-12,-1.2434791,8.1134
148,2004-01,-4.276922,8.0967
149,2004-02,-1.7791827,8.1096
150,2004-03,4.742953,8.1244
151,2004-04,9.318927,8.0988
152,2004-05,15.171243,8.0878
153,2004-06,19.240074,8.0852
154,2004-07,21.691902,8.0701
155,2004-08,20.215052,8.071
156,2004-09,16.546547,8.0705
157,2004-10,10.753618,8.0836
158,2004-11,3.9363785,8.0898
159,2004-12,-1.0421329,8.0992
160,2005-02,0.017281244,8.0963
161,2005-03,3.2683723,8.1065
162,2005-05,14.176364,8.0899
163,2005-06,19.65132,8.0809
164,2005-07,22.70629,8.0664
165,2005-08,21.474274,8.0751
166,2005-09,17.908884,8.0601
167,2005-10,10.566692,8.0777
168,2005-11,3.5106435,8.0843
169,2005-12,-1.6334668,8.0888
170,2006-01,-0.27760416,8.1135
171,2006-02,-0.76827073,8.0953
172,2006-03,2.5785673,8.1084
173,2006-04,9.862658,8.104
174,2006-05,15.155453,8.0901
175,2006-06,20.125322,8.0646
176,2006-07,23.063152,8.0804
177,2006-08,21.089811,8.0723
178,2006-09,16.045729,8.077
179,2006-10,9.663309,8.0679
180,2006-11,3.299784,8.0772
181,2006-12,-0.2462232,8.0908
182,2007-02,-2.420643,8.1047
183,2007-03,4.160882,8.0973
184,2007-05,15.139254,8.0808
185,2007-07,22.540686,8.0631
186,2007-08,22.25073,8.066
187,2007-09,17.519402,8.0616
188,2007-10,11.159847,8.0639
189,2007-12,-1.7367761,8.076699999999999
190,2008-01,-3.7869124,8.0957
191,2008-02,-1.820615,8.0957
192,2008-05,13.713589,8.0694
193,2008-06,19.521511,8.0735
194,2008-07,21.87766,8.0635
195,2008-08,20.688936,8.0729
196,2008-10,9.311667,8.0799
197,2008-12,-2.381309,8.0816
198,2009-01,-3.753484,8.0996
199,2009-02,-0.49565613,8.1084
200,2009-04,8.227604,8.0898
201,2009-05,14.843495,8.0693
202,2009-07,21.64175,8.063
203,2009-08,20.530487,8.0614
204,2009-09,17.24124,8.0541
205,2009-11,3.9763966,8.0667
206,2009-12,-3.2107005,8.0801
207,2010-03,3.2486923,8.0969
208,2010-04,9.604146,8.0968
209,2010-05,14.148252,8.0839
210,2010-06,20.0069,8.0688
211,2010-07,22.23981,8.0703
212,2010-08,21.883549,8.0785
213,2010-09,17.501978,8.0691
214,2010-10,11.065742,8.0651
215,2010-11,3.525329,8.0715
216,2011-01,-3.768891,8.0891
217,2011-03,3.1983085,8.0918
218,2011-04,8.690683,8.0885
219,2011-05,13.675299,8.0797
220,2011-07,22.89294,8.0696
221,2011-08,22.129547,8.0717
222,2011-09,17.25473,8.0645
223,2011-11,2.8707988,8.073799999999999
224,2011-12,-0.6935133,8.0811
225,2012-01,-2.3465538,8.0876
226,2012-03,5.90021,8.0905
227,2012-05,15.583132,8.075700000000001
228,2012-06,20.512323,8.0664
229,2012-08,21.674444,8.0531
230,2012-09,17.18737,8.0477
231,2012-10,9.907845,8.0587
232,2012-12,-1.0976145,8.0697
233,2013-02,-1.3753012,8.0821
234,2013-03,2.2309268,8.084
235,2013-04,7.1725307,8.0822
236,2013-05,14.07369,8.0571
237,2013-06,20.402716,8.0581
238,2013-09,17.14623,8.0499
239,2013-10,10.141688,8.0598
240,2013-11,2.665825,8.0733
241,2013-12,-3.0278254,8.0824
242,2014-01,-2.3699605,8.0817
243,2014-02,-2.393593,8.0888
244,2014-03,2.4000506,8.0806
245,2014-04,8.923371,8.0857
246,2014-06,19.230867,8.0751
247,2014-07,21.3933,8.06
248,2014-09,16.930607,8.0417
249,2014-10,11.090343,8.0516
250,2014-11,2.2583656,8.0709
251,2014-12,0.40623632,8.0744
252,2015-02,-1.5582851,8.0781
253,2015-03,4.6479716,8.0776
254,2015-04,9.74916,8.0822
255,2015-05,14.881978,8.0764
256,2015-06,20.54416,8.058
257,2015-07,21.957773,8.0424
258,2015-08,21.089792,8.0536
259,2015-10,11.803592,8.0639
260,2015-11,4.393361,8.067
261,2015-12,0.77242833,8.0711
262,2016-01,-1.5555596,8.0818
263,2016-02,1.7139809,8.0814
264,2016-03,5.954588,8.0832
265,2016-04,10.091528,8.0779
266,2016-05,14.704148,8.0642
267,2016-07,22.85412,8.0581
268,2016-08,21.64751,8.0572
269,2016-10,12.078096,8.0551
270,2016-11,5.701624,8.0676
271,2017-01,-1.8732328,8.0702
272,2017-02,1.9183359,8.0742
273,2017-03,4.0456843,8.0775
274,2017-04,10.190167,8.0652
275,2017-05,14.570052,8.0634
276,2017-06,20.246443,8.0511
277,2017-08,20.67805,8.0494
278,2017-10,11.073573,8.0517
279,2017-11,4.6774616,8.0622
280,2017-12,-0.40826523,8.0811
281,2018-02,0.0045755045,8.0803
282,2018-04,7.8231215,8.0816
283,2018-05,16.59505,8.0758
284,2018-06,20.531963,8.0541
285,2018-07,22.849,8.0548
286,2018-09,17.952377,8.0403
287,2018-10,10.391174,8.0576
288,2018-11,2.5348487,8.0608
289,2019-01,-2.3074663,8.0704
290,2019-02,-1.5019802,8.0754
291,2019-05,14.192135,8.0592
292,2019-06,19.624065,8.0438
293,2019-07,22.812262,8.043
294,2019-08,21.699303,8.0391
295,2019-09,18.599184,8.0272
296,2019-10,9.468817,8.0494
297,2019-12,-0.36916402,8.058
298,2020-01,-1.7636682,8.0642
299,2020-07,22.808058,8.0402
300,2020-08,22.287207,8.0414
301,2020-09,17.145977,8.046
302,2020-11,5.0629487,8.0591
303,2020-12,-0.41147608,8.0616
304,2021-01,-0.9636785,8.0706
305,2021-02,-3.6209807,8.0618
306,2021-03,4.219833,8.0714
307,2021-04,8.859586,8.0728
308,2021-05,14.416773,8.0557
309,2021-06,21.323225,8.0423
310,2021-07,22.683842,8.0366
311,2021-10,11.455544,8.0473
312,2021-12,1.1913205,8.0474
313,2022-03,4.2809362,8.0522
314,2022-05,15.128978,8.0376
315,2022-07,23.184889,8.04295
316,2022-09,18.170912,8.0341
317,2023-01,-0.5443969,8.0512
318,2023-03,2.3750653,8.0462
319,2023-05,15.296378,8.0308
320,2023-08,22.189846,8.0256
321,2023-09,17.964678,8.0297
322,2023-10,11.079592,8.0374
323,2023-11,4.680232,8.035
324,2023-12,1.1658766,8.0447
325,2024-04,9.773721,8.0531
326,2024-07,22.56305,8.0325
327,2024-08,21.362272,8.0307
328,2024-09,18.20433,8.0338
329,2024-10,12.209506,8.0279
330,2024-12,0.94223034,8.055
