Entity,Code,Day,Monthly average
United States,USA,1941-12-15,-1.8780192
United States,USA,1942-01-15,-4.7765512
United States,USA,1942-02-15,-3.870868
United States,USA,1942-03-15,0.09781124
United States,USA,1942-04-15,7.537291
United States,USA,1942-05-15,12.064384
United States,USA,1942-06-15,17.752876
United States,USA,1942-07-15,21.090374
United States,USA,1942-08-15,20.071842
United States,USA,1942-09-15,15.843611
United States,USA,1942-10-15,10.025621
United States,USA,1942-11-15,2.1565475
United States,USA,1942-12-15,-3.8051353
United States,USA,1943-01-15,-5.5162487
United States,USA,1943-02-15,-1.4559234
United States,USA,1943-03-15,0.18109943
United States,USA,1943-04-15,7.638229
United States,USA,1943-05-15,12.697808
United States,USA,1943-06-15,18.524704
United States,USA,1943-07-15,21.399345
United States,USA,1943-08-15,20.988422
United States,USA,1943-09-15,15.991072
United States,USA,1943-10-15,9.70106
United States,USA,1943-11-15,2.73866
United States,USA,1943-12-15,-2.343035
United States,USA,1944-01-15,-3.0355563
United States,USA,1944-02-15,-1.3499693
United States,USA,1944-03-15,0.30301216
United States,USA,1944-04-15,5.960942
United States,USA,1944-05-15,13.581206
United States,USA,1944-06-15,18.230541
United States,USA,1944-07-15,21.054283
United States,USA,1944-08-15,20.656504
United States,USA,1944-09-15,16.381725
United States,USA,1944-10-15,10.5691595
United States,USA,1944-11-15,2.5061104
United States,USA,1944-12-15,-2.9705637
United States,USA,1945-01-15,-3.2741895
United States,USA,1945-02-15,-1.6930252
United States,USA,1945-03-15,2.8489718
United States,USA,1945-04-15,6.470728
United States,USA,1945-05-15,11.649972
United States,USA,1945-06-15,16.609838
United States,USA,1945-07-15,20.62582
United States,USA,1945-08-15,20.102177
United States,USA,1945-09-15,16.32341
United States,USA,1945-10-15,9.630338
United States,USA,1945-11-15,1.9024572
United States,USA,1945-12-15,-4.1151595
United States,USA,1946-01-15,-3.8114665
United States,USA,1946-02-15,-2.8158112
United States,USA,1946-03-15,3.0640843
United States,USA,1946-04-15,8.629574
United States,USA,1946-05-15,12.317109
United States,USA,1946-06-15,18.24636
United States,USA,1946-07-15,21.436398
United States,USA,1946-08-15,19.945992
United States,USA,1946-09-15,15.736174
United States,USA,1946-10-15,9.135482
United States,USA,1946-11-15,1.4309314
United States,USA,1946-12-15,-2.7633698
United States,USA,1947-01-15,-5.1496215
United States,USA,1947-02-15,-4.096246
United States,USA,1947-03-15,-0.13793792
United States,USA,1947-04-15,6.7995696
United States,USA,1947-05-15,12.823443
United States,USA,1947-06-15,16.979933
United States,USA,1947-07-15,20.687315
United States,USA,1947-08-15,20.92429
United States,USA,1947-09-15,16.690544
United States,USA,1947-10-15,11.350605
United States,USA,1947-11-15,0.5695572
United States,USA,1947-12-15,-3.219944
United States,USA,1948-01-15,-5.056073
United States,USA,1948-02-15,-3.4879422
United States,USA,1948-03-15,0.38201547
United States,USA,1948-04-15,8.678152
United States,USA,1948-05-15,13.33788
United States,USA,1948-06-15,18.786032
United States,USA,1948-07-15,21.200512
United States,USA,1948-08-15,20.282764
United States,USA,1948-09-15,16.588448
United States,USA,1948-10-15,9.2342615
United States,USA,1948-11-15,2.2078345
United States,USA,1948-12-15,-2.968598
United States,USA,1949-01-15,-5.572353
United States,USA,1949-02-15,-3.3180075
United States,USA,1949-03-15,2.6004002
United States,USA,1949-04-15,7.792224
United States,USA,1949-05-15,13.941612
United States,USA,1949-06-15,18.541214
United States,USA,1949-07-15,21.653086
United States,USA,1949-08-15,20.615675
United States,USA,1949-09-15,16.05537
United States,USA,1949-10-15,9.855518
United States,USA,1949-11-15,4.8414555
United States,USA,1949-12-15,-2.4607112
United States,USA,1950-01-15,-3.167346
United States,USA,1950-02-15,-2.1789274
United States,USA,1950-03-15,1.5623524
United States,USA,1950-04-15,6.7706327
United States,USA,1950-05-15,13.09997
United States,USA,1950-06-15,18.377213
United States,USA,1950-07-15,20.449966
United States,USA,1950-08-15,19.869936
United States,USA,1950-09-15,15.677065
United States,USA,1950-10-15,11.446566
United States,USA,1950-11-15,1.9247776
United States,USA,1950-12-15,-2.0716002
United States,USA,1951-01-15,-4.6098175
United States,USA,1951-02-15,-1.9151175
United States,USA,1951-03-15,0.094830126
United States,USA,1951-04-15,7.5987
United States,USA,1951-05-15,14.1101675
United States,USA,1951-06-15,17.903513
United States,USA,1951-07-15,21.669563
United States,USA,1951-08-15,20.558065
United States,USA,1951-09-15,16.046291
United States,USA,1951-10-15,9.50042
United States,USA,1951-11-15,1.3716067
United States,USA,1951-12-15,-3.0796416
United States,USA,1952-01-15,-3.4135358
United States,USA,1952-02-15,-1.2838657
United States,USA,1952-03-15,0.42865372
United States,USA,1952-04-15,7.8944674
United States,USA,1952-05-15,13.351726
United States,USA,1952-06-15,19.729696
United States,USA,1952-07-15,21.79747
United States,USA,1952-08-15,20.813725
United States,USA,1952-09-15,16.705416
United States,USA,1952-10-15,9.801785
United States,USA,1952-11-15,2.7352827
United States,USA,1952-12-15,-1.9393185
United States,USA,1953-01-15,-1.5676488
United States,USA,1953-02-15,-0.9766591
United States,USA,1953-03-15,2.9194632
United States,USA,1953-04-15,7.243385
United States,USA,1953-05-15,13.253283
United States,USA,1953-06-15,19.800404
United States,USA,1953-07-15,21.935173
United States,USA,1953-08-15,20.585638
United States,USA,1953-09-15,17.09749
United States,USA,1953-10-15,10.630324
United States,USA,1953-11-15,3.6303773
United States,USA,1953-12-15,-1.7979155
United States,USA,1954-01-15,-3.8640168
United States,USA,1954-02-15,0.39445508
United States,USA,1954-03-15,1.3487265
United States,USA,1954-04-15,9.230245
United States,USA,1954-05-15,13.079047
United States,USA,1954-06-15,18.902603
United States,USA,1954-07-15,22.217522
United States,USA,1954-08-15,20.654097
United States,USA,1954-09-15,17.055769
United States,USA,1954-10-15,10.245654
United States,USA,1954-11-15,4.18501
United States,USA,1954-12-15,-2.863045
United States,USA,1955-01-15,-3.6064363
United States,USA,1955-02-15,-3.8778162
United States,USA,1955-03-15,1.472915
United States,USA,1955-04-15,8.299457
United States,USA,1955-05-15,14.021156
United States,USA,1955-06-15,17.563242
United States,USA,1955-07-15,21.831055
United States,USA,1955-08-15,21.227507
United States,USA,1955-09-15,16.799746
United States,USA,1955-10-15,9.93163
United States,USA,1955-11-15,0.25686336
United States,USA,1955-12-15,-3.2073963
United States,USA,1956-01-15,-4.0450945
United States,USA,1956-02-15,-3.3788872
United States,USA,1956-03-15,1.6374413
United States,USA,1956-04-15,7.117827
United States,USA,1956-05-15,14.31071
United States,USA,1956-06-15,19.49474
United States,USA,1956-07-15,21.22216
United States,USA,1956-08-15,20.2697
United States,USA,1956-09-15,16.384747
United States,USA,1956-10-15,10.1281395
United States,USA,1956-11-15,1.0885745
United States,USA,1956-12-15,-1.6653386
United States,USA,1957-01-15,-4.369506
United States,USA,1957-02-15,-0.16180912
United States,USA,1957-03-15,2.4371226
United States,USA,1957-04-15,8.135151
United States,USA,1957-05-15,13.390588
United States,USA,1957-06-15,19.067877
United States,USA,1957-07-15,21.913212
United States,USA,1957-08-15,20.702873
United States,USA,1957-09-15,16.031265
United States,USA,1957-10-15,9.118651
United States,USA,1957-11-15,2.5870688
United States,USA,1957-12-15,-0.9589617
United States,USA,1958-01-15,-2.8845415
United States,USA,1958-02-15,-2.636245
United States,USA,1958-03-15,1.0091213
United States,USA,1958-04-15,7.92629
United States,USA,1958-05-15,14.739054
United States,USA,1958-06-15,18.731411
United States,USA,1958-07-15,21.114334
United States,USA,1958-08-15,21.197704
United States,USA,1958-09-15,16.411373
United States,USA,1958-10-15,9.617335
United States,USA,1958-11-15,3.1023726
United States,USA,1958-12-15,-2.5276957
United States,USA,1959-01-15,-4.5077934
United States,USA,1959-02-15,-1.7481202
United States,USA,1959-03-15,1.2183546
United States,USA,1959-04-15,7.997943
United States,USA,1959-05-15,13.944596
United States,USA,1959-06-15,19.60973
United States,USA,1959-07-15,21.140984
United States,USA,1959-08-15,20.964073
United States,USA,1959-09-15,16.107397
United States,USA,1959-10-15,9.283733
United States,USA,1959-11-15,1.333305
United States,USA,1959-12-15,-1.3256453
United States,USA,1960-01-15,-4.0473
United States,USA,1960-02-15,-2.8318338
United States,USA,1960-03-15,-0.50090533
United States,USA,1960-04-15,8.220982
United States,USA,1960-05-15,13.602481
United States,USA,1960-06-15,18.935375
United States,USA,1960-07-15,21.709864
United States,USA,1960-08-15,20.477482
United States,USA,1960-09-15,16.799831
United States,USA,1960-10-15,9.9888735
United States,USA,1960-11-15,2.7943025
United States,USA,1960-12-15,-2.638978
United States,USA,1961-01-15,-3.5311317
United States,USA,1961-02-15,-0.9168833
United States,USA,1961-03-15,2.4307928
United States,USA,1961-04-15,6.6080055
United States,USA,1961-05-15,13.213505
United States,USA,1961-06-15,19.14989
United States,USA,1961-07-15,21.146765
United States,USA,1961-08-15,20.60088
United States,USA,1961-09-15,15.566287
United States,USA,1961-10-15,9.219831
United States,USA,1961-11-15,1.7083739
United States,USA,1961-12-15,-4.0892525
United States,USA,1962-01-15,-5.1444373
United States,USA,1962-02-15,-0.7919428
United States,USA,1962-03-15,0.42789295
United States,USA,1962-04-15,8.239007
United States,USA,1962-05-15,14.380144
United States,USA,1962-06-15,18.32819
United States,USA,1962-07-15,20.926273
United States,USA,1962-08-15,20.846243
United States,USA,1962-09-15,15.669999
United States,USA,1962-10-15,10.758549
United States,USA,1962-11-15,3.3217866
United States,USA,1962-12-15,-2.1244898
United States,USA,1963-01-15,-5.758544
United States,USA,1963-02-15,-1.6921127
United States,USA,1963-03-15,3.128721
United States,USA,1963-04-15,8.209067
United States,USA,1963-05-15,14.170402
United States,USA,1963-06-15,18.459202
United States,USA,1963-07-15,21.413225
United States,USA,1963-08-15,20.383692
United States,USA,1963-09-15,17.01654
United States,USA,1963-10-15,12.147855
United States,USA,1963-11-15,2.7917702
United States,USA,1963-12-15,-3.8760633
United States,USA,1964-01-15,-3.3151357
United States,USA,1964-02-15,-3.0965703
United States,USA,1964-03-15,0.25630057
United States,USA,1964-04-15,7.617931
United States,USA,1964-05-15,13.726347
United States,USA,1964-06-15,18.51409
United States,USA,1964-07-15,21.980438
United States,USA,1964-08-15,19.847063
United States,USA,1964-09-15,15.787509
United States,USA,1964-10-15,9.820654
United States,USA,1964-11-15,2.8103068
United States,USA,1964-12-15,-3.7376614
United States,USA,1965-01-15,-3.4246688
United States,USA,1965-02-15,-3.5385084
United States,USA,1965-03-15,0.54277766
United States,USA,1965-04-15,8.327782
United States,USA,1965-05-15,13.415543
United States,USA,1965-06-15,17.559599
United States,USA,1965-07-15,20.889868
United States,USA,1965-08-15,19.799936
United States,USA,1965-09-15,14.983911
United States,USA,1965-10-15,9.538188
United States,USA,1965-11-15,4.4137316
United States,USA,1965-12-15,-1.261896
United States,USA,1966-01-15,-6.0446095
United States,USA,1966-02-15,-3.2407794
United States,USA,1966-03-15,2.0073297
United States,USA,1966-04-15,7.296075
United States,USA,1966-05-15,13.326318
United States,USA,1966-06-15,18.630726
United States,USA,1966-07-15,22.190508
United States,USA,1966-08-15,19.8877
United States,USA,1966-09-15,16.223244
United States,USA,1966-10-15,8.946211
United States,USA,1966-11-15,3.4640706
United States,USA,1966-12-15,-2.7269952
United States,USA,1967-01-15,-2.5013816
United States,USA,1967-02-15,-2.6151183
United States,USA,1967-03-15,3.601352
United States,USA,1967-04-15,8.227584
United States,USA,1967-05-15,12.413713
United States,USA,1967-06-15,18.194752
United States,USA,1967-07-15,20.83414
United States,USA,1967-08-15,20.189524
United States,USA,1967-09-15,15.907323
United States,USA,1967-10-15,9.547683
United States,USA,1967-11-15,2.8913016
United States,USA,1967-12-15,-2.4455104
United States,USA,1968-01-15,-4.374037
United States,USA,1968-02-15,-2.6714876
United States,USA,1968-03-15,3.469031
United States,USA,1968-04-15,7.65003
United States,USA,1968-05-15,12.691202
United States,USA,1968-06-15,18.637384
United States,USA,1968-07-15,21.388943
United States,USA,1968-08-15,19.968056
United States,USA,1968-09-15,15.630369
United States,USA,1968-10-15,9.687664
United States,USA,1968-11-15,2.4194891
United States,USA,1968-12-15,-4.0607233
United States,USA,1969-01-15,-4.558408
United States,USA,1969-02-15,-2.544844
United States,USA,1969-03-15,-0.13055457
United States,USA,1969-04-15,9.08137
United States,USA,1969-05-15,14.486263
United States,USA,1969-06-15,18.195133
United States,USA,1969-07-15,21.564045
United States,USA,1969-08-15,20.61487
United States,USA,1969-09-15,16.726152
United States,USA,1969-10-15,8.754673
United States,USA,1969-11-15,2.0687923
United States,USA,1969-12-15,-1.0533789
United States,USA,1970-01-15,-5.7859464
United States,USA,1970-02-15,-0.67965305
United States,USA,1970-03-15,1.3754255
United States,USA,1970-04-15,7.1688914
United States,USA,1970-05-15,14.181664
United States,USA,1970-06-15,18.769009
United States,USA,1970-07-15,21.626219
United States,USA,1970-08-15,21.094213
United States,USA,1970-09-15,15.641746
United States,USA,1970-10-15,8.288454
United States,USA,1970-11-15,2.9403496
United States,USA,1970-12-15,-2.1369138
United States,USA,1971-01-15,-5.370251
United States,USA,1971-02-15,-2.6452765
United States,USA,1971-03-15,0.6339755
United States,USA,1971-04-15,7.246192
United States,USA,1971-05-15,12.509897
United States,USA,1971-06-15,19.301222
United States,USA,1971-07-15,20.934074
United States,USA,1971-08-15,20.39385
United States,USA,1971-09-15,15.902176
United States,USA,1971-10-15,10.0105
United States,USA,1971-11-15,2.2567453
United States,USA,1971-12-15,-1.6684983
United States,USA,1972-01-15,-4.4408197
United States,USA,1972-02-15,-2.625967
United States,USA,1972-03-15,2.3903742
United States,USA,1972-04-15,7.2102537
United States,USA,1972-05-15,13.778978
United States,USA,1972-06-15,18.454346
United States,USA,1972-07-15,21.054306
United States,USA,1972-08-15,20.491776
United States,USA,1972-09-15,15.6778345
United States,USA,1972-10-15,8.984767
United States,USA,1972-11-15,1.4426008
United States,USA,1972-12-15,-3.5448768
United States,USA,1973-01-15,-4.725087
United States,USA,1973-02-15,-1.9823583
United States,USA,1973-03-15,3.3179717
United States,USA,1973-04-15,7.0540066
United States,USA,1973-05-15,13.310347
United States,USA,1973-06-15,18.874977
United States,USA,1973-07-15,21.2438
United States,USA,1973-08-15,20.681171
United States,USA,1973-09-15,16.095564
United States,USA,1973-10-15,10.478426
United States,USA,1973-11-15,2.9777067
United States,USA,1973-12-15,-1.6123849
United States,USA,1974-01-15,-3.7291226
United States,USA,1974-02-15,-2.5990663
United States,USA,1974-03-15,3.3569307
United States,USA,1974-04-15,8.35549
United States,USA,1974-05-15,13.9901
United States,USA,1974-06-15,18.77221
United States,USA,1974-07-15,21.767567
United States,USA,1974-08-15,19.988047
United States,USA,1974-09-15,15.574661
United States,USA,1974-10-15,9.236877
United States,USA,1974-11-15,2.5848634
United States,USA,1974-12-15,-2.427553
United States,USA,1975-01-15,-3.3163977
United States,USA,1975-02-15,-2.583221
United States,USA,1975-03-15,1.1229656
United States,USA,1975-04-15,5.8091445
United States,USA,1975-05-15,13.672571
United States,USA,1975-06-15,18.136871
United States,USA,1975-07-15,21.5669
United States,USA,1975-08-15,20.349941
United States,USA,1975-09-15,15.296135
United States,USA,1975-10-15,9.836281
United States,USA,1975-11-15,2.2794013
United States,USA,1975-12-15,-2.3782985
United States,USA,1976-01-15,-4.0503697
United States,USA,1976-02-15,-0.08577852
United States,USA,1976-03-15,2.4972568
United States,USA,1976-04-15,8.40188
United States,USA,1976-05-15,13.061381
United States,USA,1976-06-15,18.38828
United States,USA,1976-07-15,21.176739
United States,USA,1976-08-15,20.118568
United States,USA,1976-09-15,16.02128
United States,USA,1976-10-15,7.764485
United States,USA,1976-11-15,1.7595447
United States,USA,1976-12-15,-3.0819678
United States,USA,1977-01-15,-5.679742
United States,USA,1977-02-15,-0.011455395
United States,USA,1977-03-15,2.6074252
United States,USA,1977-04-15,9.0768175
United States,USA,1977-05-15,14.293628
United States,USA,1977-06-15,19.676386
United States,USA,1977-07-15,22.10116
United States,USA,1977-08-15,20.853447
United States,USA,1977-09-15,16.841913
United States,USA,1977-10-15,9.672052
United States,USA,1977-11-15,2.4937975
United States,USA,1977-12-15,-2.2902875
United States,USA,1978-01-15,-4.808813
United States,USA,1978-02-15,-4.142348
United States,USA,1978-03-15,2.4233737
United States,USA,1978-04-15,8.549608
United States,USA,1978-05-15,13.630295
United States,USA,1978-06-15,18.84465
United States,USA,1978-07-15,21.730623
United States,USA,1978-08-15,20.657179
United States,USA,1978-09-15,16.85641
United States,USA,1978-10-15,9.680004
United States,USA,1978-11-15,3.000189
United States,USA,1978-12-15,-3.1346662
United States,USA,1979-01-15,-6.5859704
United States,USA,1979-02-15,-5.58257
United States,USA,1979-03-15,2.7853622
United States,USA,1979-04-15,7.8179493
United States,USA,1979-05-15,13.451858
United States,USA,1979-06-15,18.562447
United States,USA,1979-07-15,21.566788
United States,USA,1979-08-15,20.49914
United States,USA,1979-09-15,17.331131
United States,USA,1979-10-15,10.994866
United States,USA,1979-11-15,2.8312867
United States,USA,1979-12-15,-1.4243276
United States,USA,1980-01-15,-3.6007123
United States,USA,1980-02-15,-1.6105722
United States,USA,1980-03-15,1.6981044
United States,USA,1980-04-15,8.46805
United States,USA,1980-05-15,13.958906
United States,USA,1980-06-15,18.95936
United States,USA,1980-07-15,22.639605
United States,USA,1980-08-15,20.77523
United States,USA,1980-09-15,16.604515
United States,USA,1980-10-15,9.334699
United States,USA,1980-11-15,3.201071
United States,USA,1980-12-15,-2.2018254
United States,USA,1981-01-15,-1.2244904
United States,USA,1981-02-15,-0.2946928
United States,USA,1981-03-15,3.888425
United States,USA,1981-04-15,10.129754
United States,USA,1981-05-15,13.695299
United States,USA,1981-06-15,19.470861
United States,USA,1981-07-15,21.545706
United States,USA,1981-08-15,20.48106
United States,USA,1981-09-15,16.136314
United States,USA,1981-10-15,8.936144
United States,USA,1981-11-15,4.0642776
United States,USA,1981-12-15,-1.7664927
United States,USA,1982-01-15,-5.9806376
United States,USA,1982-02-15,-2.5245113
United States,USA,1982-03-15,2.6562214
United States,USA,1982-04-15,6.61289
United States,USA,1982-05-15,13.786851
United States,USA,1982-06-15,17.792166
United States,USA,1982-07-15,21.395607
United States,USA,1982-08-15,20.577164
United States,USA,1982-09-15,15.9700985
United States,USA,1982-10-15,8.7573595
United States,USA,1982-11-15,2.2920876
United States,USA,1982-12-15,-0.48091027
United States,USA,1983-01-15,-2.7349334
United States,USA,1983-02-15,-0.3269064
United States,USA,1983-03-15,2.8321671
United States,USA,1983-04-15,6.5234413
United States,USA,1983-05-15,12.80941
United States,USA,1983-06-15,18.300116
United States,USA,1983-07-15,21.985477
United States,USA,1983-08-15,21.737274
United States,USA,1983-09-15,16.266626
United States,USA,1983-10-15,9.770478
United States,USA,1983-11-15,3.6565545
United States,USA,1983-12-15,-4.963539
United States,USA,1984-01-15,-4.369354
United States,USA,1984-02-15,-1.3602571
United States,USA,1984-03-15,2.1674855
United States,USA,1984-04-15,7.0486326
United States,USA,1984-05-15,13.6022625
United States,USA,1984-06-15,19.014885
United States,USA,1984-07-15,21.297115
United States,USA,1984-08-15,20.777058
United States,USA,1984-09-15,15.552435
United States,USA,1984-10-15,9.444905
United States,USA,1984-11-15,2.0857162
United States,USA,1984-12-15,-1.348499
United States,USA,1985-01-15,-4.246916
United States,USA,1985-02-15,-3.8097794
United States,USA,1985-03-15,3.324607
United States,USA,1985-04-15,8.592529
United States,USA,1985-05-15,14.54294
United States,USA,1985-06-15,18.488724
United States,USA,1985-07-15,21.874296
United States,USA,1985-08-15,20.198486
United States,USA,1985-09-15,15.0926
United States,USA,1985-10-15,9.278224
United States,USA,1985-11-15,1.4654768
United States,USA,1985-12-15,-3.0565064
United States,USA,1986-01-15,-1.5694757
United States,USA,1986-02-15,-0.5256144
United States,USA,1986-03-15,4.096621
United States,USA,1986-04-15,8.2852745
United States,USA,1986-05-15,14.046233
United States,USA,1986-06-15,19.751314
United States,USA,1986-07-15,21.589596
United States,USA,1986-08-15,20.100777
United States,USA,1986-09-15,15.747174
United States,USA,1986-10-15,9.514499
United States,USA,1986-11-15,2.2827594
United States,USA,1986-12-15,-0.838691
United States,USA,1987-01-15,-2.8159664
United States,USA,1987-02-15,-0.16633068
United States,USA,1987-03-15,2.7955575
United States,USA,1987-04-15,9.157546
United States,USA,1987-05-15,15.114486
United States,USA,1987-06-15,19.703861
United States,USA,1987-07-15,21.541655
United States,USA,1987-08-15,20.558537
United States,USA,1987-09-15,16.27582
United States,USA,1987-10-15,9.590232
United States,USA,1987-11-15,3.5446143
United States,USA,1987-12-15,-1.426578
United States,USA,1988-01-15,-4.356585
United States,USA,1988-02-15,-1.804563
United States,USA,1988-03-15,2.919987
United States,USA,1988-04-15,8.564369
United States,USA,1988-05-15,14.5804405
United States,USA,1988-06-15,20.18222
United States,USA,1988-07-15,22.456003
United States,USA,1988-08-15,21.292294
United States,USA,1988-09-15,16.196594
United States,USA,1988-10-15,9.194548
United States,USA,1988-11-15,2.8355544
United States,USA,1988-12-15,-1.5384966
United States,USA,1989-01-15,-3.2037466
United States,USA,1989-02-15,-3.0248098
United States,USA,1989-03-15,2.7911267
United States,USA,1989-04-15,9.468275
United States,USA,1989-05-15,13.962135
United States,USA,1989-06-15,18.709211
United States,USA,1989-07-15,22.076378
United States,USA,1989-08-15,20.451694
United States,USA,1989-09-15,16.232342
United States,USA,1989-10-15,9.839132
United States,USA,1989-11-15,2.4164398
United States,USA,1989-12-15,-4.199861
United States,USA,1990-01-15,-1.2184741
United States,USA,1990-02-15,-1.9653516
United States,USA,1990-03-15,4.2221065
United States,USA,1990-04-15,9.39166
United States,USA,1990-05-15,13.738063
United States,USA,1990-06-15,19.995775
United States,USA,1990-07-15,21.674213
United States,USA,1990-08-15,20.938868
United States,USA,1990-09-15,17.300278
United States,USA,1990-10-15,9.544056
United States,USA,1990-11-15,3.3824458
United States,USA,1990-12-15,-3.3944964
United States,USA,1991-01-15,-3.900503
United States,USA,1991-02-15,0.70492554
United States,USA,1991-03-15,3.2735918
United States,USA,1991-04-15,9.166041
United States,USA,1991-05-15,14.9061985
United States,USA,1991-06-15,19.369806
United States,USA,1991-07-15,21.679047
United States,USA,1991-08-15,20.82685
United States,USA,1991-09-15,16.485437
United States,USA,1991-10-15,10.215822
United States,USA,1991-11-15,1.2905798
United States,USA,1991-12-15,-1.2190018
United States,USA,1992-01-15,-2.06289
United States,USA,1992-02-15,0.31786585
United States,USA,1992-03-15,3.8637214
United States,USA,1992-04-15,8.704989
United States,USA,1992-05-15,13.855601
United States,USA,1992-06-15,18.505232
United States,USA,1992-07-15,20.50942
United States,USA,1992-08-15,19.4909
United States,USA,1992-09-15,15.337638
United States,USA,1992-10-15,9.515254
United States,USA,1992-11-15,1.8933896
United States,USA,1992-12-15,-2.8673983
United States,USA,1993-01-15,-3.5596874
United States,USA,1993-02-15,-2.7092447
United States,USA,1993-03-15,2.8372877
United States,USA,1993-04-15,8.258363
United States,USA,1993-05-15,14.498909
United States,USA,1993-06-15,18.4982
United States,USA,1993-07-15,21.317583
United States,USA,1993-08-15,20.407856
United States,USA,1993-09-15,15.491604
United States,USA,1993-10-15,9.641138
United States,USA,1993-11-15,1.8656753
United States,USA,1993-12-15,-1.0161017
United States,USA,1994-01-15,-3.899172
United States,USA,1994-02-15,-2.849406
United States,USA,1994-03-15,3.472859
United States,USA,1994-04-15,9.091778
United States,USA,1994-05-15,14.397399
United States,USA,1994-06-15,20.0648
United States,USA,1994-07-15,21.866175
United States,USA,1994-08-15,20.992151
United States,USA,1994-09-15,16.680653
United States,USA,1994-10-15,9.667222
United States,USA,1994-11-15,2.5723794
United States,USA,1994-12-15,-0.89990497
United States,USA,1995-01-15,-2.1957848
United States,USA,1995-02-15,-0.067571804
United States,USA,1995-03-15,2.8273234
United States,USA,1995-04-15,7.9773254
United States,USA,1995-05-15,13.473297
United States,USA,1995-06-15,18.39514
United States,USA,1995-07-15,21.75562
United States,USA,1995-08-15,21.699114
United States,USA,1995-09-15,16.785418
United States,USA,1995-10-15,10.210629
United States,USA,1995-11-15,2.5552044
United States,USA,1995-12-15,-1.9892952
United States,USA,1996-01-15,-4.3535075
United States,USA,1996-02-15,-1.2926059
United States,USA,1996-03-15,1.5641863
United States,USA,1996-04-15,7.8934836
United States,USA,1996-05-15,14.351651
United States,USA,1996-06-15,19.337149
United States,USA,1996-07-15,21.534014
United States,USA,1996-08-15,20.42612
United States,USA,1996-09-15,15.280526
United States,USA,1996-10-15,8.738333
United States,USA,1996-11-15,1.5110059
United States,USA,1996-12-15,-1.9346024
United States,USA,1997-01-15,-4.306124
United States,USA,1997-02-15,-0.113055594
United States,USA,1997-03-15,3.2547884
United States,USA,1997-04-15,6.8239717
United States,USA,1997-05-15,13.591148
United States,USA,1997-06-15,18.851278
United States,USA,1997-07-15,21.461868
United States,USA,1997-08-15,20.48758
United States,USA,1997-09-15,17.261648
United States,USA,1997-10-15,9.032721
United States,USA,1997-11-15,2.5784206
United States,USA,1997-12-15,-2.2601318
United States,USA,1998-01-15,-1.8647158
United States,USA,1998-02-15,0.5249416
United States,USA,1998-03-15,2.714458
United States,USA,1998-04-15,8.538229
United States,USA,1998-05-15,14.875762
United States,USA,1998-06-15,18.561512
United States,USA,1998-07-15,22.436298
United States,USA,1998-08-15,21.146797
United States,USA,1998-09-15,18.232075
United States,USA,1998-10-15,10.229938
United States,USA,1998-11-15,4.1935234
United States,USA,1998-12-15,-1.2335407
United States,USA,1999-01-15,-2.7329884
United States,USA,1999-02-15,-0.08814928
United States,USA,1999-03-15,2.5582163
United States,USA,1999-04-15,8.109023
United States,USA,1999-05-15,13.59526
United States,USA,1999-06-15,18.809324
United States,USA,1999-07-15,21.914772
United States,USA,1999-08-15,21.042606
United States,USA,1999-09-15,16.173876
United States,USA,1999-10-15,9.71858
United States,USA,1999-11-15,5.036391
United States,USA,1999-12-15,-1.5831826
United States,USA,2000-01-15,-2.4111598
United States,USA,2000-02-15,1.7402294
United States,USA,2000-03-15,4.652202
United States,USA,2000-04-15,8.817104
United States,USA,2000-05-15,14.883814
United States,USA,2000-06-15,19.134596
United States,USA,2000-07-15,21.591005
United States,USA,2000-08-15,21.240604
United States,USA,2000-09-15,16.36446
United States,USA,2000-10-15,9.945083
United States,USA,2000-11-15,1.095084
United States,USA,2000-12-15,-3.8077514
United States,USA,2001-01-15,-2.4637196
United States,USA,2001-02-15,-1.20591
United States,USA,2001-03-15,2.0553615
United States,USA,2001-04-15,9.035197
United States,USA,2001-05-15,14.501441
United States,USA,2001-06-15,19.263847
United States,USA,2001-07-15,21.787539
United States,USA,2001-08-15,21.552456
United States,USA,2001-09-15,16.79413
United States,USA,2001-10-15,9.515244
United States,USA,2001-11-15,4.964757
United States,USA,2001-12-15,-1.3685819
United States,USA,2002-01-15,-1.2991927
United States,USA,2002-02-15,-0.66262716
United States,USA,2002-03-15,1.7479981
United States,USA,2002-04-15,9.024198
United States,USA,2002-05-15,13.588077
United States,USA,2002-06-15,20.007774
United States,USA,2002-07-15,22.62962
United States,USA,2002-08-15,20.872284
United States,USA,2002-09-15,17.467619
United States,USA,2002-10-15,9.135126
United States,USA,2002-11-15,3.4845028
United States,USA,2002-12-15,-0.5919364
United States,USA,2003-01-15,-2.277538
United States,USA,2003-02-15,-1.5864803
United States,USA,2003-03-15,2.9528475
United States,USA,2003-04-15,8.827653
United States,USA,2003-05-15,14.10362
United States,USA,2003-06-15,18.757076
United States,USA,2003-07-15,22.52848
United States,USA,2003-08-15,21.702248
United States,USA,2003-09-15,16.184519
United States,USA,2003-10-15,11.473907
United States,USA,2003-11-15,3.1130917
United States,USA,2003-12-15,-1.2434791
United States,USA,2004-01-15,-4.276922
United States,USA,2004-02-15,-1.7791827
United States,USA,2004-03-15,4.742953
United States,USA,2004-04-15,9.318927
United States,USA,2004-05-15,15.171243
United States,USA,2004-06-15,19.240074
United States,USA,2004-07-15,21.691902
United States,USA,2004-08-15,20.215052
United States,USA,2004-09-15,16.546547
United States,USA,2004-10-15,10.753618
United States,USA,2004-11-15,3.9363785
United States,USA,2004-12-15,-1.0421329
United States,USA,2005-01-15,-2.2138915
United States,USA,2005-02-15,0.017281244
United States,USA,2005-03-15,3.2683723
United States,USA,2005-04-15,8.814579
United States,USA,2005-05-15,14.176364
United States,USA,2005-06-15,19.65132
United States,USA,2005-07-15,22.70629
United States,USA,2005-08-15,21.474274
United States,USA,2005-09-15,17.908884
United States,USA,2005-10-15,10.566692
United States,USA,2005-11-15,3.5106435
United States,USA,2005-12-15,-1.6334668
United States,USA,2006-01-15,-0.27760416
United States,USA,2006-02-15,-0.76827073
United States,USA,2006-03-15,2.5785673
United States,USA,2006-04-15,9.862658
United States,USA,2006-05-15,15.155453
United States,USA,2006-06-15,20.125322
United States,USA,2006-07-15,23.063152
United States,USA,2006-08-15,21.089811
United States,USA,2006-09-15,16.045729
United States,USA,2006-10-15,9.663309
United States,USA,2006-11-15,3.299784
United States,USA,2006-12-15,-0.2462232
United States,USA,2007-01-15,-3.108744
United States,USA,2007-02-15,-2.420643
United States,USA,2007-03-15,4.160882
United States,USA,2007-04-15,8.549006
United States,USA,2007-05-15,15.139254
United States,USA,2007-06-15,19.967525
United States,USA,2007-07-15,22.540686
United States,USA,2007-08-15,22.25073
United States,USA,2007-09-15,17.519402
United States,USA,2007-10-15,11.159847
United States,USA,2007-11-15,4.351275
United States,USA,2007-12-15,-1.7367761
United States,USA,2008-01-15,-3.7869124
United States,USA,2008-02-15,-1.820615
United States,USA,2008-03-15,2.6670616
United States,USA,2008-04-15,7.984417
United States,USA,2008-05-15,13.713589
United States,USA,2008-06-15,19.521511
United States,USA,2008-07-15,21.87766
United States,USA,2008-08-15,20.688936
United States,USA,2008-09-15,16.696436
United States,USA,2008-10-15,9.311667
United States,USA,2008-11-15,3.4137964
United States,USA,2008-12-15,-2.381309
United States,USA,2009-01-15,-3.753484
United States,USA,2009-02-15,-0.49565613
United States,USA,2009-03-15,2.6503875
United States,USA,2009-04-15,8.227604
United States,USA,2009-05-15,14.843495
United States,USA,2009-06-15,18.990047
United States,USA,2009-07-15,21.64175
United States,USA,2009-08-15,20.530487
United States,USA,2009-09-15,17.24124
United States,USA,2009-10-15,8.642539
United States,USA,2009-11-15,3.9763966
United States,USA,2009-12-15,-3.2107005
United States,USA,2010-01-15,-3.8255947
United States,USA,2010-02-15,-2.3556123
United States,USA,2010-03-15,3.2486923
United States,USA,2010-04-15,9.604146
United States,USA,2010-05-15,14.148252
United States,USA,2010-06-15,20.0069
United States,USA,2010-07-15,22.23981
United States,USA,2010-08-15,21.883549
United States,USA,2010-09-15,17.501978
United States,USA,2010-10-15,11.065742
United States,USA,2010-11-15,3.525329
United States,USA,2010-12-15,-2.9034207
United States,USA,2011-01-15,-3.768891
United States,USA,2011-02-15,-2.024362
United States,USA,2011-03-15,3.1983085
United States,USA,2011-04-15,8.690683
United States,USA,2011-05-15,13.675299
United States,USA,2011-06-15,19.71462
United States,USA,2011-07-15,22.89294
United States,USA,2011-08-15,22.129547
United States,USA,2011-09-15,17.25473
United States,USA,2011-10-15,10.658616
United States,USA,2011-11-15,2.8707988
United States,USA,2011-12-15,-0.6935133
United States,USA,2012-01-15,-2.3465538
United States,USA,2012-02-15,0.53979343
United States,USA,2012-03-15,5.90021
United States,USA,2012-04-15,10.350671
United States,USA,2012-05-15,15.583132
United States,USA,2012-06-15,20.512323
United States,USA,2012-07-15,23.197271
United States,USA,2012-08-15,21.674444
United States,USA,2012-09-15,17.18737
United States,USA,2012-10-15,9.907845
United States,USA,2012-11-15,3.2666364
United States,USA,2012-12-15,-1.0976145
United States,USA,2013-01-15,-2.463198
United States,USA,2013-02-15,-1.3753012
United States,USA,2013-03-15,2.2309268
United States,USA,2013-04-15,7.1725307
United States,USA,2013-05-15,14.07369
United States,USA,2013-06-15,20.402716
United States,USA,2013-07-15,22.216576
United States,USA,2013-08-15,21.171143
United States,USA,2013-09-15,17.14623
United States,USA,2013-10-15,10.141688
United States,USA,2013-11-15,2.665825
United States,USA,2013-12-15,-3.0278254
United States,USA,2014-01-15,-2.3699605
United States,USA,2014-02-15,-2.393593
United States,USA,2014-03-15,2.4000506
United States,USA,2014-04-15,8.923371
United States,USA,2014-05-15,14.797938
United States,USA,2014-06-15,19.230867
United States,USA,2014-07-15,21.3933
United States,USA,2014-08-15,20.710732
United States,USA,2014-09-15,16.930607
United States,USA,2014-10-15,11.090343
United States,USA,2014-11-15,2.2583656
United States,USA,2014-12-15,0.40623632
United States,USA,2015-01-15,-2.130782
United States,USA,2015-02-15,-1.5582851
United States,USA,2015-03-15,4.6479716
United States,USA,2015-04-15,9.74916
United States,USA,2015-05-15,14.881978
United States,USA,2015-06-15,20.54416
United States,USA,2015-07-15,21.957773
United States,USA,2015-08-15,21.089792
United States,USA,2015-09-15,17.933317
United States,USA,2015-10-15,11.803592
United States,USA,2015-11-15,4.393361
United States,USA,2015-12-15,0.77242833
United States,USA,2016-01-15,-1.5555596
United States,USA,2016-02-15,1.7139809
United States,USA,2016-03-15,5.954588
United States,USA,2016-04-15,10.091528
United States,USA,2016-05-15,14.704148
United States,USA,2016-06-15,20.889801
United States,USA,2016-07-15,22.85412
United States,USA,2016-08-15,21.64751
United States,USA,2016-09-15,17.629316
United States,USA,2016-10-15,12.078096
United States,USA,2016-11-15,5.701624
United States,USA,2016-12-15,-1.9149151
United States,USA,2017-01-15,-1.8732328
United States,USA,2017-02-15,1.9183359
United States,USA,2017-03-15,4.0456843
United States,USA,2017-04-15,10.190167
United States,USA,2017-05-15,14.570052
United States,USA,2017-06-15,20.246443
United States,USA,2017-07-15,23.080124
United States,USA,2017-08-15,20.67805
United States,USA,2017-09-15,17.32136
United States,USA,2017-10-15,11.073573
United States,USA,2017-11-15,4.6774616
United States,USA,2017-12-15,-0.40826523
United States,USA,2018-01-15,-2.24993
United States,USA,2018-02-15,0.0045755045
United States,USA,2018-03-15,3.6745238
United States,USA,2018-04-15,7.8231215
United States,USA,2018-05-15,16.59505
United States,USA,2018-06-15,20.531963
United States,USA,2018-07-15,22.849
United States,USA,2018-08-15,21.391293
United States,USA,2018-09-15,17.952377
United States,USA,2018-10-15,10.391174
United States,USA,2018-11-15,2.5348487
United States,USA,2018-12-15,-0.498779
United States,USA,2019-01-15,-2.3074663
United States,USA,2019-02-15,-1.5019802
United States,USA,2019-03-15,3.342292
United States,USA,2019-04-15,9.630006
United States,USA,2019-05-15,14.192135
United States,USA,2019-06-15,19.624065
United States,USA,2019-07-15,22.812262
United States,USA,2019-08-15,21.699303
United States,USA,2019-09-15,18.599184
United States,USA,2019-10-15,9.468817
United States,USA,2019-11-15,3.0085816
United States,USA,2019-12-15,-0.36916402
United States,USA,2020-01-15,-1.7636682
United States,USA,2020-02-15,-0.8965415
United States,USA,2020-03-15,4.787855
United States,USA,2020-04-15,8.6912365
United States,USA,2020-05-15,14.967557
United States,USA,2020-06-15,20.20941
United States,USA,2020-07-15,22.808058
United States,USA,2020-08-15,22.287207
United States,USA,2020-09-15,17.145977
United States,USA,2020-10-15,10.388611
United States,USA,2020-11-15,5.0629487
United States,USA,2020-12-15,-0.41147608
United States,USA,2021-01-15,-0.9636785
United States,USA,2021-02-15,-3.6209807
United States,USA,2021-03-15,4.219833
United States,USA,2021-04-15,8.859586
United States,USA,2021-05-15,14.416773
United States,USA,2021-06-15,21.323225
United States,USA,2021-07-15,22.683842
United States,USA,2021-08-15,21.578009
United States,USA,2021-09-15,17.846388
United States,USA,2021-10-15,11.455544
United States,USA,2021-11-15,3.639175
United States,USA,2021-12-15,1.1913205
United States,USA,2022-01-15,-3.3727252
United States,USA,2022-02-15,-1.6219887
United States,USA,2022-03-15,4.2809362
United States,USA,2022-04-15,8.488442
United States,USA,2022-05-15,15.128978
United States,USA,2022-06-15,20.608007
United States,USA,2022-07-15,23.184889
United States,USA,2022-08-15,21.801897
United States,USA,2022-09-15,18.170912
United States,USA,2022-10-15,10.723488
United States,USA,2022-11-15,2.6808946
United States,USA,2022-12-15,-1.6682689
United States,USA,2023-01-15,-0.5443969
United States,USA,2023-02-15,-0.4384129
United States,USA,2023-03-15,2.3750653
United States,USA,2023-04-15,7.91962
United States,USA,2023-05-15,15.296378
United States,USA,2023-06-15,19.386423
United States,USA,2023-07-15,23.168596
United States,USA,2023-08-15,22.189846
United States,USA,2023-09-15,17.964678
United States,USA,2023-10-15,11.079592
United States,USA,2023-11-15,4.680232
United States,USA,2023-12-15,1.1658766
United States,USA,2024-01-15,-2.7272227
United States,USA,2024-02-15,1.9572763
United States,USA,2024-03-15,4.290544
United States,USA,2024-04-15,9.773721
United States,USA,2024-05-15,14.883865
United States,USA,2024-06-15,20.794046
United States,USA,2024-07-15,22.56305
United States,USA,2024-08-15,21.362272
United States,USA,2024-09-15,18.20433
United States,USA,2024-10-15,12.209506
United States,USA,2024-11-15,4.3120155
United States,USA,2024-12-15,0.94223034
United States,USA,2025-01-15,-3.0594468
United States,USA,2025-02-15,-0.6777566
United States,USA,2025-03-15,5.5204263
United States,USA,2025-04-15,9.870058
United States,USA,2025-05-15,14.707499
United States,USA,2025-06-15,20.368093
United States,USA,2025-07-15,22.689156
United States,USA,2025-08-15,21.348618
United States,USA,2025-09-15,17.839615
United States,USA,2025-10-15,11.637465
United States,USA,2025-11-15,5.3564487
United States,USA,2025-12-15,-0.49487188
United States,USA,2026-01-15,-2.65393